{
    "modelName": "LinearRegression",
    "metrics": {
        "mse": 9.04111105227494e-06,
        "mae": 0.0017428726166766532,
        "rmse": 0.003006844035242756,
        "r2": 0.9999950041530231,
        "adjR2": 0.999994982794122
    }
}